primary_impression_category,0s,10s,20s,30s,40s,50s,60s,70s,80s,90s,100s
End Stage Renal Disease,NA,0.05989817310572028,0.050738007380073794,0.056324566044820695,0.04603549579017505,0.03470093576856789,0.04927984230450463,0.03682969946965233,0.04110715264456015,0.02367844669389688,1.8181818181818181
Flu-like Illness,2.733485193621868,2.605570530098832,2.2047970479704797,2.1608151700831213,1.7772124295838636,1.3024417891802482,0.9441569786976682,0.6441105218359197,0.44190189092902166,0.31373941869413363,NA
Heart/circulatory,10.478359908883828,10.197663971248877,9.326568265682656,9.360118793630203,9.186504330970985,8.97481868761061,8.74717200904957,8.830943495056635,8.543436557961085,8.19274255608832,10.909090909090908
Hypothermia,0.9111617312072893,0.41928721174004197,0.2859778597785978,0.0921674717097066,0.03997819371252044,0.03585763362752016,0.014559953408149095,0.0057290643619459175,0.002283730702475564,NA,NA
Respiratory,11.161731207289293,8.7151841868823,7.988929889298893,8.098789875232553,7.605548488703132,7.314957260014111,7.118697220168896,6.714463432200615,5.518635242532201,4.676493222044634,3.6363636363636362
Stroke,1.1389521640091116,1.093141659179395,1.0608856088560885,1.0309102391233849,1.001877763644073,1.0664754259539866,0.9318370181215421,0.9158318601453546,0.9945647209281082,0.9767359261232462,1.8181818181818181
